"","ID","Description","GeneRatio","BgRatio","pvalue","p.adjust","qvalue","geneID","Count"
"1","R-MMU-380108","Chemokine receptors bind chemokines","5/30","42/5250",3.15353004158359e-06,0.000611784828067216,0.000395021131524681,"15945/20293/20304/17329/20302",5
"2","R-MMU-1236975","Antigen processing-Cross presentation","5/30","66/5250",3.0105725899862e-05,0.00292025541228661,0.00188556914846504,"12010/14972/16912/16913/21354",5
"3","R-MMU-1236974","ER-Phagosome pathway","3/30","15/5250",7.31676067961772e-05,0.00473150523948613,0.00305506849429652,"12010/14972/21354",3
"4","R-MMU-983170","Antigen Presentation: Folding, assembly and peptide loading of class I MHC","3/30","20/5250",0.000179816025823599,0.00872107725244455,0.00563108080868639,"12010/14972/21354",3
"5","R-MMU-198933","Immunoregulatory interactions between a Lymphoid and a non-Lymphoid cell","4/30","64/5250",0.000433954784058375,0.0168374456214649,0.0108717093269361,"12010/14972/66141/246256",4
"6","R-MMU-375276","Peptide ligand-binding receptors","5/30","126/5250",0.00064734605242673,0.0209308556951309,0.013514768462944,"15945/20293/20304/17329/20302",5
